Database,Credit,Table,CreditCatalogGLs
"CatalogCode","SysAccountName","COAAccount","AccountAlias","Id"
"NR01MMK001","CREDIT0","","###4050402010001**","1"
"NR01MMK001","CREDIT1","","###4050402010002**","2"
"NR01MMK001","CREDIT2","","###4050402010003**","3"
"NR01MMK001","CREDIT3","","###4050402010004**","4"
"NR01MMK001","CREDIT4","","###4050402010005**","5"
"NR01MMK001","PROV_CR_RVS0","","###4050803010001**","6"
"NR01MMK001","PROV_CR_RVS1","","###4050803010002**","7"
"NR01MMK001","PROV_CR_RVS2","","###4050803010003**","8"
"NR01MMK001","PROV_CR_RVS3","","###4050801010004**","9"
"NR01MMK001","PROV_CR_RVS4","","###4050801010005**","10"
"NR01MMK001","PROV_CR0","","###4050803010001**","11"
"NR01MMK001","PROV_CR1","","###4050803010002**","12"
"NR01MMK001","PROV_CR2","","###4050803010003**","13"
"NR01MMK001","PROV_CR3","","###4050801010004**","14"
"NR01MMK001","PROV_CR4","","###4050801010005**","15"
"NR01MMK001","PROV_DR_RVS0","","###2050101000001**","16"
"NR01MMK001","PROV_DR_RVS1","","###2050201000001**","17"
"NR01MMK001","PROV_DR_RVS2","","###2050201000002**","18"
"NR01MMK001","PROV_DR_RVS3","","###2050201000003**","19"
"NR01MMK001","PROV_DR_RVS4","","###2050201000004**","20"
"NR01MMK001","PROV_DR0","","###2050101000001**","21"
"NR01MMK001","PROV_DR1","","###2050201000001**","22"
"NR01MMK001","PROV_DR2","","###2050201000002**","23"
"NR01MMK001","PROV_DR3","","###2050201000003**","24"
"NR01MMK001","PROV_DR4","","###2050201000004**","25"
"NRIMMMK002","CREDIT0","","###4050402010001**","26"
"NRIMMMK002","CREDIT1","","###4050402010002**","27"
"NRIMMMK002","CREDIT2","","###4050402010003**","28"
"NRIMMMK002","CREDIT3","","###4050402010004**","29"
"NRIMMMK002","CREDIT4","","###4050402010005**","30"
"NRIMMMK002","PROV_CR_RVS0","","###4050803010001**","31"
"NRIMMMK002","PROV_CR_RVS1","","###4050803010002**","32"
"NRIMMMK002","PROV_CR_RVS2","","###4050803010003**","33"
"NRIMMMK002","PROV_CR_RVS3","","###4050801010004**","34"
"NRIMMMK002","PROV_CR_RVS4","","###4050801010005**","35"
"NRIMMMK002","PROV_CR0","","###4050803010001**","36"
"NRIMMMK002","PROV_CR1","","###4050803010002**","37"
"NRIMMMK002","PROV_CR2","","###4050803010003**","38"
"NRIMMMK002","PROV_CR3","","###4050801010004**","39"
"NRIMMMK002","PROV_CR4","","###4050801010005**","40"
"NRIMMMK002","PROV_DR_RVS0","","###2050101000001**","41"
"NRIMMMK002","PROV_DR_RVS1","","###2050201000001**","42"
"NRIMMMK002","PROV_DR_RVS2","","###2050201000002**","43"
"NRIMMMK002","PROV_DR_RVS3","","###2050201000003**","44"
"NRIMMMK002","PROV_DR_RVS4","","###2050201000004**","45"
"NRIMMMK002","PROV_DR0","","###2050101000001**","46"
"NRIMMMK002","PROV_DR1","","###2050201000001**","47"
"NRIMMMK002","PROV_DR2","","###2050201000002**","48"
"NRIMMMK002","PROV_DR3","","###2050201000003**","49"
"NRIMMMK002","PROV_DR4","","###2050201000004**","50"
"NR02MMK003","CREDIT0","","###4050402010001**","51"
"NR02MMK003","CREDIT1","","###4050402010002**","52"
"NR02MMK003","CREDIT2","","###4050402010003**","53"
"NR02MMK003","CREDIT3","","###4050402010004**","54"
"NR02MMK003","CREDIT4","","###4050402010005**","55"
"NR02MMK003","PROV_CR_RVS0","","###4050803010001**","56"
"NR02MMK003","PROV_CR_RVS1","","###4050803010002**","57"
"NR02MMK003","PROV_CR_RVS2","","###4050803010003**","58"
"NR02MMK003","PROV_CR_RVS3","","###4050801010004**","59"
"NR02MMK003","PROV_CR_RVS4","","###4050801010005**","60"
"NR02MMK003","PROV_CR0","","###4050803010001**","61"
"NR02MMK003","PROV_CR1","","###4050803010002**","62"
"NR02MMK003","PROV_CR2","","###4050803010003**","63"
"NR02MMK003","PROV_CR3","","###4050801010004**","64"
"NR02MMK003","PROV_CR4","","###4050801010005**","65"
"NR02MMK003","PROV_DR_RVS0","","###2050101000001**","66"
"NR02MMK003","PROV_DR_RVS1","","###2050201000001**","67"
"NR02MMK003","PROV_DR_RVS2","","###2050201000002**","68"
"NR02MMK003","PROV_DR_RVS3","","###2050201000003**","69"
"NR02MMK003","PROV_DR_RVS4","","###2050201000004**","70"
"NR02MMK003","PROV_DR0","","###2050101000001**","71"
"NR02MMK003","PROV_DR1","","###2050201000001**","72"
"NR02MMK003","PROV_DR2","","###2050201000002**","73"
"NR02MMK003","PROV_DR3","","###2050201000003**","74"
"NR02MMK003","PROV_DR4","","###2050201000004**","75"
"TLY2MMK004","CREDIT0","","###4050402010001**","76"
"TLY2MMK004","CREDIT1","","###4050402010002**","77"
"TLY2MMK004","CREDIT2","","###4050402010003**","78"
"TLY2MMK004","CREDIT3","","###4050402010004**","79"
"TLY2MMK004","CREDIT4","","###4050402010005**","80"
"TLY2MMK004","PROV_CR_RVS0","","###4050803010001**","81"
"TLY2MMK004","PROV_CR_RVS1","","###4050803010002**","82"
"TLY2MMK004","PROV_CR_RVS2","","###4050803010003**","83"
"TLY2MMK004","PROV_CR_RVS3","","###4050801010004**","84"
"TLY2MMK004","PROV_CR_RVS4","","###4050801010005**","85"
"TLY2MMK004","PROV_CR0","","###4050803010001**","86"
"TLY2MMK004","PROV_CR1","","###4050803010002**","87"
"TLY2MMK004","PROV_CR2","","###4050803010003**","88"
"TLY2MMK004","PROV_CR3","","###4050801010004**","89"
"TLY2MMK004","PROV_CR4","","###4050801010005**","90"
"TLY2MMK004","PROV_DR_RVS0","","###2050101000001**","91"
"TLY2MMK004","PROV_DR_RVS1","","###2050201000001**","92"
"TLY2MMK004","PROV_DR_RVS2","","###2050201000002**","93"
"TLY2MMK004","PROV_DR_RVS3","","###2050201000003**","94"
"TLY2MMK004","PROV_DR_RVS4","","###2050201000004**","95"
"TLY2MMK004","PROV_DR0","","###2050101000001**","96"
"TLY2MMK004","PROV_DR1","","###2050201000001**","97"
"TLY2MMK004","PROV_DR2","","###2050201000002**","98"
"TLY2MMK004","PROV_DR3","","###2050201000003**","99"
"TLY2MMK004","PROV_DR4","","###2050201000004**","100"
"TLY2MMK005","CREDIT0","","###4050402010001**","101"
"TLY2MMK005","CREDIT1","","###4050402010002**","102"
"TLY2MMK005","CREDIT2","","###4050402010003**","103"
"TLY2MMK005","CREDIT3","","###4050402010004**","104"
"TLY2MMK005","CREDIT4","","###4050402010005**","105"
"TLY2MMK005","PROV_CR_RVS0","","###4050803010001**","106"
"TLY2MMK005","PROV_CR_RVS1","","###4050803010002**","107"
"TLY2MMK005","PROV_CR_RVS2","","###4050803010003**","108"
"TLY2MMK005","PROV_CR_RVS3","","###4050801010004**","109"
"TLY2MMK005","PROV_CR_RVS4","","###4050801010005**","110"
"TLY2MMK005","PROV_CR0","","###4050803010001**","111"
"TLY2MMK005","PROV_CR1","","###4050803010002**","112"
"TLY2MMK005","PROV_CR2","","###4050803010003**","113"
"TLY2MMK005","PROV_CR3","","###4050801010004**","114"
"TLY2MMK005","PROV_CR4","","###4050801010005**","115"
"TLY2MMK005","PROV_DR_RVS0","","###2050101000001**","116"
"TLY2MMK005","PROV_DR_RVS1","","###2050201000001**","117"
"TLY2MMK005","PROV_DR_RVS2","","###2050201000002**","118"
"TLY2MMK005","PROV_DR_RVS3","","###2050201000003**","119"
"TLY2MMK005","PROV_DR_RVS4","","###2050201000004**","120"
"TLY2MMK005","PROV_DR0","","###2050101000001**","121"
"TLY2MMK005","PROV_DR1","","###2050201000001**","122"
"TLY2MMK005","PROV_DR2","","###2050201000002**","123"
"TLY2MMK005","PROV_DR3","","###2050201000003**","124"
"TLY2MMK005","PROV_DR4","","###2050201000004**","125"
"TLY3MMK006","CREDIT0","","###4050402010001**","126"
"TLY3MMK006","CREDIT1","","###4050402010002**","127"
"TLY3MMK006","CREDIT2","","###4050402010003**","128"
"TLY3MMK006","CREDIT3","","###4050402010004**","129"
"TLY3MMK006","CREDIT4","","###4050402010005**","130"
"TLY3MMK006","PROV_CR_RVS0","","###4050803010001**","131"
"TLY3MMK006","PROV_CR_RVS1","","###4050803010002**","132"
"TLY3MMK006","PROV_CR_RVS2","","###4050803010003**","133"
"TLY3MMK006","PROV_CR_RVS3","","###4050801010004**","134"
"TLY3MMK006","PROV_CR_RVS4","","###4050801010005**","135"
"TLY3MMK006","PROV_CR0","","###4050803010001**","136"
"TLY3MMK006","PROV_CR1","","###4050803010002**","137"
"TLY3MMK006","PROV_CR2","","###4050803010003**","138"
"TLY3MMK006","PROV_CR3","","###4050801010004**","139"
"TLY3MMK006","PROV_CR4","","###4050801010005**","140"
"TLY3MMK006","PROV_DR_RVS0","","###2050101000001**","141"
"TLY3MMK006","PROV_DR_RVS1","","###2050201000001**","142"
"TLY3MMK006","PROV_DR_RVS2","","###2050201000002**","143"
"TLY3MMK006","PROV_DR_RVS3","","###2050201000003**","144"
"TLY3MMK006","PROV_DR_RVS4","","###2050201000004**","145"
"TLY3MMK006","PROV_DR0","","###2050101000001**","146"
"TLY3MMK006","PROV_DR1","","###2050201000001**","147"
"TLY3MMK006","PROV_DR2","","###2050201000002**","148"
"TLY3MMK006","PROV_DR3","","###2050201000003**","149"
"TLY3MMK006","PROV_DR4","","###2050201000004**","150"
"TLY3MMK007","CREDIT0","","###4050402010001**","151"
"TLY3MMK007","CREDIT1","","###4050402010002**","152"
"TLY3MMK007","CREDIT2","","###4050402010003**","153"
"TLY3MMK007","CREDIT3","","###4050402010004**","154"
"TLY3MMK007","CREDIT4","","###4050402010005**","155"
"TLY3MMK007","PROV_CR_RVS0","","###4050803010001**","156"
"TLY3MMK007","PROV_CR_RVS1","","###4050803010002**","157"
"TLY3MMK007","PROV_CR_RVS2","","###4050803010003**","158"
"TLY3MMK007","PROV_CR_RVS3","","###4050801010004**","159"
"TLY3MMK007","PROV_CR_RVS4","","###4050801010005**","160"
"TLY3MMK007","PROV_CR0","","###4050803010001**","161"
"TLY3MMK007","PROV_CR1","","###4050803010002**","162"
"TLY3MMK007","PROV_CR2","","###4050803010003**","163"
"TLY3MMK007","PROV_CR3","","###4050801010004**","164"
"TLY3MMK007","PROV_CR4","","###4050801010005**","165"
"TLY3MMK007","PROV_DR_RVS0","","###2050101000001**","166"
"TLY3MMK007","PROV_DR_RVS1","","###2050201000001**","167"
"TLY3MMK007","PROV_DR_RVS2","","###2050201000002**","168"
"TLY3MMK007","PROV_DR_RVS3","","###2050201000003**","169"
"TLY3MMK007","PROV_DR_RVS4","","###2050201000004**","170"
"TLY3MMK007","PROV_DR0","","###2050101000001**","171"
"TLY3MMK007","PROV_DR1","","###2050201000001**","172"
"TLY3MMK007","PROV_DR2","","###2050201000002**","173"
"TLY3MMK007","PROV_DR3","","###2050201000003**","174"
"TLY3MMK007","PROV_DR4","","###2050201000004**","175"
"ST01MMK008","CREDIT0","","###4050402010001**","176"
"ST01MMK008","CREDIT1","","###4050402010002**","177"
"ST01MMK008","CREDIT2","","###4050402010003**","178"
"ST01MMK008","CREDIT3","","###4050402010004**","179"
"ST01MMK008","CREDIT4","","###4050402010005**","180"
"ST01MMK008","PROV_CR_RVS0","","###4050803010001**","181"
"ST01MMK008","PROV_CR_RVS1","","###4050803010002**","182"
"ST01MMK008","PROV_CR_RVS2","","###4050803010003**","183"
"ST01MMK008","PROV_CR_RVS3","","###4050801010004**","184"
"ST01MMK008","PROV_CR_RVS4","","###4050801010005**","185"
"ST01MMK008","PROV_CR0","","###4050803010001**","186"
"ST01MMK008","PROV_CR1","","###4050803010002**","187"
"ST01MMK008","PROV_CR2","","###4050803010003**","188"
"ST01MMK008","PROV_CR3","","###4050801010004**","189"
"ST01MMK008","PROV_CR4","","###4050801010005**","190"
"ST01MMK008","PROV_DR_RVS0","","###2050101000001**","191"
"ST01MMK008","PROV_DR_RVS1","","###2050201000001**","192"
"ST01MMK008","PROV_DR_RVS2","","###2050201000002**","193"
"ST01MMK008","PROV_DR_RVS3","","###2050201000003**","194"
"ST01MMK008","PROV_DR_RVS4","","###2050201000004**","195"
"ST01MMK008","PROV_DR0","","###2050101000001**","196"
"ST01MMK008","PROV_DR1","","###2050201000001**","197"
"ST01MMK008","PROV_DR2","","###2050201000002**","198"
"ST01MMK008","PROV_DR3","","###2050201000003**","199"
"ST01MMK008","PROV_DR4","","###2050201000004**","200"
"HP05MMK009","CREDIT0","","###4050402010001**","201"
"HP05MMK009","CREDIT1","","###4050402010002**","202"
"HP05MMK009","CREDIT2","","###4050402010003**","203"
"HP05MMK009","CREDIT3","","###4050402010004**","204"
"HP05MMK009","CREDIT4","","###4050402010005**","205"
"HP05MMK009","PROV_CR_RVS0","","###4050803010001**","206"
"HP05MMK009","PROV_CR_RVS1","","###4050803010002**","207"
"HP05MMK009","PROV_CR_RVS2","","###4050803010003**","208"
"HP05MMK009","PROV_CR_RVS3","","###4050801010004**","209"
"HP05MMK009","PROV_CR_RVS4","","###4050801010005**","210"
"HP05MMK009","PROV_CR0","","###4050803010001**","211"
"HP05MMK009","PROV_CR1","","###4050803010002**","212"
"HP05MMK009","PROV_CR2","","###4050803010003**","213"
"HP05MMK009","PROV_CR3","","###4050801010004**","214"
"HP05MMK009","PROV_CR4","","###4050801010005**","215"
"HP05MMK009","PROV_DR_RVS0","","###2050101000001**","216"
"HP05MMK009","PROV_DR_RVS1","","###2050201000001**","217"
"HP05MMK009","PROV_DR_RVS2","","###2050201000002**","218"
"HP05MMK009","PROV_DR_RVS3","","###2050201000003**","219"
"HP05MMK009","PROV_DR_RVS4","","###2050201000004**","220"
"HP05MMK009","PROV_DR0","","###2050101000001**","221"
"HP05MMK009","PROV_DR1","","###2050201000001**","222"
"HP05MMK009","PROV_DR2","","###2050201000002**","223"
"HP05MMK009","PROV_DR3","","###2050201000003**","224"
"HP05MMK009","PROV_DR4","","###2050201000004**","225"
"HP02MMK010","CREDIT0","","###4050402010001**","226"
"HP02MMK010","CREDIT1","","###4050402010002**","227"
"HP02MMK010","CREDIT2","","###4050402010003**","228"
"HP02MMK010","CREDIT3","","###4050402010004**","229"
"HP02MMK010","CREDIT4","","###4050402010005**","230"
"HP02MMK010","PROV_CR_RVS0","","###4050803010001**","231"
"HP02MMK010","PROV_CR_RVS1","","###4050803010002**","232"
"HP02MMK010","PROV_CR_RVS2","","###4050803010003**","233"
"HP02MMK010","PROV_CR_RVS3","","###4050801010004**","234"
"HP02MMK010","PROV_CR_RVS4","","###4050801010005**","235"
"HP02MMK010","PROV_CR0","","###4050803010001**","236"
"HP02MMK010","PROV_CR1","","###4050803010002**","237"
"HP02MMK010","PROV_CR2","","###4050803010003**","238"
"HP02MMK010","PROV_CR3","","###4050801010004**","239"
"HP02MMK010","PROV_CR4","","###4050801010005**","240"
"HP02MMK010","PROV_DR_RVS0","","###2050101000001**","241"
"HP02MMK010","PROV_DR_RVS1","","###2050201000001**","242"
"HP02MMK010","PROV_DR_RVS2","","###2050201000002**","243"
"HP02MMK010","PROV_DR_RVS3","","###2050201000003**","244"
"HP02MMK010","PROV_DR_RVS4","","###2050201000004**","245"
"HP02MMK010","PROV_DR0","","###2050101000001**","246"
"HP02MMK010","PROV_DR1","","###2050201000001**","247"
"HP02MMK010","PROV_DR2","","###2050201000002**","248"
"HP02MMK010","PROV_DR3","","###2050201000003**","249"
"HP02MMK010","PROV_DR4","","###2050201000004**","250"
"HP03MMK011","CREDIT0","","###4050402010001**","251"
"HP03MMK011","CREDIT1","","###4050402010002**","252"
"HP03MMK011","CREDIT2","","###4050402010003**","253"
"HP03MMK011","CREDIT3","","###4050402010004**","254"
"HP03MMK011","CREDIT4","","###4050402010005**","255"
"HP03MMK011","PROV_CR_RVS0","","###4050803010001**","256"
"HP03MMK011","PROV_CR_RVS1","","###4050803010002**","257"
"HP03MMK011","PROV_CR_RVS2","","###4050803010003**","258"
"HP03MMK011","PROV_CR_RVS3","","###4050801010004**","259"
"HP03MMK011","PROV_CR_RVS4","","###4050801010005**","260"
"HP03MMK011","PROV_CR0","","###4050803010001**","261"
"HP03MMK011","PROV_CR1","","###4050803010002**","262"
"HP03MMK011","PROV_CR2","","###4050803010003**","263"
"HP03MMK011","PROV_CR3","","###4050801010004**","264"
"HP03MMK011","PROV_CR4","","###4050801010005**","265"
"HP03MMK011","PROV_DR_RVS0","","###2050101000001**","266"
"HP03MMK011","PROV_DR_RVS1","","###2050201000001**","267"
"HP03MMK011","PROV_DR_RVS2","","###2050201000002**","268"
"HP03MMK011","PROV_DR_RVS3","","###2050201000003**","269"
"HP03MMK011","PROV_DR_RVS4","","###2050201000004**","270"
"HP03MMK011","PROV_DR0","","###2050101000001**","271"
"HP03MMK011","PROV_DR1","","###2050201000001**","272"
"HP03MMK011","PROV_DR2","","###2050201000002**","273"
"HP03MMK011","PROV_DR3","","###2050201000003**","274"
"HP03MMK011","PROV_DR4","","###2050201000004**","275"
"HP3YMMK012","CREDIT0","","###4050402010001**","276"
"HP3YMMK012","CREDIT1","","###4050402010002**","277"
"HP3YMMK012","CREDIT2","","###4050402010003**","278"
"HP3YMMK012","CREDIT3","","###4050402010004**","279"
"HP3YMMK012","CREDIT4","","###4050402010005**","280"
"HP3YMMK012","PROV_CR_RVS0","","###4050803010001**","281"
"HP3YMMK012","PROV_CR_RVS1","","###4050803010002**","282"
"HP3YMMK012","PROV_CR_RVS2","","###4050803010003**","283"
"HP3YMMK012","PROV_CR_RVS3","","###4050801010004**","284"
"HP3YMMK012","PROV_CR_RVS4","","###4050801010005**","285"
"HP3YMMK012","PROV_CR0","","###4050803010001**","286"
"HP3YMMK012","PROV_CR1","","###4050803010002**","287"
"HP3YMMK012","PROV_CR2","","###4050803010003**","288"
"HP3YMMK012","PROV_CR3","","###4050801010004**","289"
"HP3YMMK012","PROV_CR4","","###4050801010005**","290"
"HP3YMMK012","PROV_DR_RVS0","","###2050101000001**","291"
"HP3YMMK012","PROV_DR_RVS1","","###2050201000001**","292"
"HP3YMMK012","PROV_DR_RVS2","","###2050201000002**","293"
"HP3YMMK012","PROV_DR_RVS3","","###2050201000003**","294"
"HP3YMMK012","PROV_DR_RVS4","","###2050201000004**","295"
"HP3YMMK012","PROV_DR0","","###2050101000001**","296"
"HP3YMMK012","PROV_DR1","","###2050201000001**","297"
"HP3YMMK012","PROV_DR2","","###2050201000002**","298"
"HP3YMMK012","PROV_DR3","","###2050201000003**","299"
"HP3YMMK012","PROV_DR4","","###2050201000004**","300"
"NR10MMK013","CREDIT0","","###4050402010001**","301"
"NR10MMK013","CREDIT1","","###4050402010002**","302"
"NR10MMK013","CREDIT2","","###4050402010003**","303"
"NR10MMK013","CREDIT3","","###4050402010004**","304"
"NR10MMK013","CREDIT4","","###4050402010005**","305"
"NR10MMK013","PROV_CR_RVS0","","###4050803010001**","306"
"NR10MMK013","PROV_CR_RVS1","","###4050803010002**","307"
"NR10MMK013","PROV_CR_RVS2","","###4050803010003**","308"
"NR10MMK013","PROV_CR_RVS3","","###4050801010004**","309"
"NR10MMK013","PROV_CR_RVS4","","###4050801010005**","310"
"NR10MMK013","PROV_CR0","","###4050803010001**","311"
"NR10MMK013","PROV_CR1","","###4050803010002**","312"
"NR10MMK013","PROV_CR2","","###4050803010003**","313"
"NR10MMK013","PROV_CR3","","###4050801010004**","314"
"NR10MMK013","PROV_CR4","","###4050801010005**","315"
"NR10MMK013","PROV_DR_RVS0","","###2050101000001**","316"
"NR10MMK013","PROV_DR_RVS1","","###2050201000001**","317"
"NR10MMK013","PROV_DR_RVS2","","###2050201000002**","318"
"NR10MMK013","PROV_DR_RVS3","","###2050201000003**","319"
"NR10MMK013","PROV_DR_RVS4","","###2050201000004**","320"
"NR10MMK013","PROV_DR0","","###2050101000001**","321"
"NR10MMK013","PROV_DR1","","###2050201000001**","322"
"NR10MMK013","PROV_DR2","","###2050201000002**","323"
"NR10MMK013","PROV_DR3","","###2050201000003**","324"
"NR10MMK013","PROV_DR4","","###2050201000004**","325"
"HPA2MMK014","CREDIT0","","###4050402010001**","326"
"HPA2MMK014","CREDIT1","","###4050402010002**","327"
"HPA2MMK014","CREDIT2","","###4050402010003**","328"
"HPA2MMK014","CREDIT3","","###4050402010004**","329"
"HPA2MMK014","CREDIT4","","###4050402010005**","330"
"HPA2MMK014","PROV_CR_RVS0","","###4050803010001**","331"
"HPA2MMK014","PROV_CR_RVS1","","###4050803010002**","332"
"HPA2MMK014","PROV_CR_RVS2","","###4050803010003**","333"
"HPA2MMK014","PROV_CR_RVS3","","###4050801010004**","334"
"HPA2MMK014","PROV_CR_RVS4","","###4050801010005**","335"
"HPA2MMK014","PROV_CR0","","###4050803010001**","336"
"HPA2MMK014","PROV_CR1","","###4050803010002**","337"
"HPA2MMK014","PROV_CR2","","###4050803010003**","338"
"HPA2MMK014","PROV_CR3","","###4050801010004**","339"
"HPA2MMK014","PROV_CR4","","###4050801010005**","340"
"HPA2MMK014","PROV_DR_RVS0","","###2050101000001**","341"
"HPA2MMK014","PROV_DR_RVS1","","###2050201000001**","342"
"HPA2MMK014","PROV_DR_RVS2","","###2050201000002**","343"
"HPA2MMK014","PROV_DR_RVS3","","###2050201000003**","344"
"HPA2MMK014","PROV_DR_RVS4","","###2050201000004**","345"
"HPA2MMK014","PROV_DR0","","###2050101000001**","346"
"HPA2MMK014","PROV_DR1","","###2050201000001**","347"
"HPA2MMK014","PROV_DR2","","###2050201000002**","348"
"HPA2MMK014","PROV_DR3","","###2050201000003**","349"
"HPA2MMK014","PROV_DR4","","###2050201000004**","350"
"HPA5MMK015","CREDIT0","","###4050402010001**","351"
"HPA5MMK015","CREDIT1","","###4050402010002**","352"
"HPA5MMK015","CREDIT2","","###4050402010003**","353"
"HPA5MMK015","CREDIT3","","###4050402010004**","354"
"HPA5MMK015","CREDIT4","","###4050402010005**","355"
"HPA5MMK015","PROV_CR_RVS0","","###4050803010001**","356"
"HPA5MMK015","PROV_CR_RVS1","","###4050803010002**","357"
"HPA5MMK015","PROV_CR_RVS2","","###4050803010003**","358"
"HPA5MMK015","PROV_CR_RVS3","","###4050801010004**","359"
"HPA5MMK015","PROV_CR_RVS4","","###4050801010005**","360"
"HPA5MMK015","PROV_CR0","","###4050803010001**","361"
"HPA5MMK015","PROV_CR1","","###4050803010002**","362"
"HPA5MMK015","PROV_CR2","","###4050803010003**","363"
"HPA5MMK015","PROV_CR3","","###4050801010004**","364"
"HPA5MMK015","PROV_CR4","","###4050801010005**","365"
"HPA5MMK015","PROV_DR_RVS0","","###2050101000001**","366"
"HPA5MMK015","PROV_DR_RVS1","","###2050201000001**","367"
"HPA5MMK015","PROV_DR_RVS2","","###2050201000002**","368"
"HPA5MMK015","PROV_DR_RVS3","","###2050201000003**","369"
"HPA5MMK015","PROV_DR_RVS4","","###2050201000004**","370"
"HPA5MMK015","PROV_DR0","","###2050101000001**","371"
"HPA5MMK015","PROV_DR1","","###2050201000001**","372"
"HPA5MMK015","PROV_DR2","","###2050201000002**","373"
"HPA5MMK015","PROV_DR3","","###2050201000003**","374"
"HPA5MMK015","PROV_DR4","","###2050201000004**","375"
"CHL1MMK017","PROV_CR_RVS0","","###4050803010001**","401"
"CHL1MMK017","PROV_CR_RVS1","","###4050803010002**","402"
"CHL1MMK017","PROV_CR_RVS2","","###4050803010003**","403"
"CHL1MMK017","PROV_CR_RVS3","","###4050801010004**","404"
"CHL1MMK017","PROV_CR_RVS4","","###4050801010005**","405"
"CHL1MMK017","PROV_DR0","","###2050101000001**","406"
"CHL1MMK017","PROV_DR1","","###2050201000001**","407"
"CHL1MMK017","PROV_DR2","","###2050201000002**","408"
"CHL1MMK017","PROV_DR3","","###2050201000003**","409"
"CHL1MMK017","PROV_DR4","","###2050201000004**","410"
"CHL1MMK017","PROV_CR0","","###4050803010001**","411"
"CHL1MMK017","PROV_CR1","","###4050803010002**","412"
"CHL1MMK017","PROV_CR2","","###4050803010003**","413"
"CHL1MMK017","PROV_CR3","","###4050801010004**","414"
"CHL1MMK017","PROV_CR4","","###4050801010005**","415"
"CHL1MMK017","PROV_DR_RVS0","","###2050101000001**","416"
"CHL1MMK017","PROV_DR_RVS1","","###2050201000001**","417"
"CHL1MMK017","PROV_DR_RVS2","","###2050201000002**","418"
"CHL1MMK017","PROV_DR_RVS3","","###2050201000003**","419"
"CHL1MMK017","PROV_DR_RVS4","","###2050201000004**","420"
"CHL1MMK017","CREDIT0","","###4050402010001**","421"
"CHL1MMK017","CREDIT1","","###4050402010002**","422"
"CHL1MMK017","CREDIT2","","###4050402010003**","423"
"CHL1MMK017","CREDIT3","","###4050402010004**","424"
"CHL1MMK017","CREDIT4","","###4050402010005**","425"
"STPLMMK018","CREDIT0","","###4050402010001**","426"
"STPLMMK018","CREDIT1","","###4050402010002**","427"
"STPLMMK018","CREDIT2","","###4050402010003**","428"
"STPLMMK018","CREDIT3","","###4050402010004**","429"
"STPLMMK018","CREDIT4","","###4050402010005**","430"
"STPLMMK018","PROV_CR_RVS0","","###4050803010001**","431"
"STPLMMK018","PROV_CR_RVS1","","###4050803010002**","432"
"STPLMMK018","PROV_CR_RVS2","","###4050803010003**","433"
"STPLMMK018","PROV_CR_RVS3","","###4050801010004**","434"
"STPLMMK018","PROV_CR_RVS4","","###4050801010005**","435"
"STPLMMK018","PROV_CR0","","###4050803010001**","436"
"STPLMMK018","PROV_CR1","","###4050803010002**","437"
"STPLMMK018","PROV_CR2","","###4050803010003**","438"
"STPLMMK018","PROV_CR3","","###4050801010004**","439"
"STPLMMK018","PROV_CR4","","###4050801010005**","440"
"STPLMMK018","PROV_DR_RVS0","","###2050101000001**","441"
"STPLMMK018","PROV_DR_RVS1","","###2050201000001**","442"
"STPLMMK018","PROV_DR_RVS2","","###2050201000002**","443"
"STPLMMK018","PROV_DR_RVS3","","###2050201000003**","444"
"STPLMMK018","PROV_DR_RVS4","","###2050201000004**","445"
"STPLMMK018","PROV_DR0","","###2050101000001**","446"
"STPLMMK018","PROV_DR1","","###2050201000001**","447"
"STPLMMK018","PROV_DR2","","###2050201000002**","448"
"STPLMMK018","PROV_DR3","","###2050201000003**","449"
"STPLMMK018","PROV_DR4","","###2050201000004**","450"
"HPA3MMK019","CREDIT0","","###4050402010001**","451"
"HPA3MMK019","CREDIT1","","###4050402010002**","452"
"HPA3MMK019","CREDIT2","","###4050402010003**","453"
"HPA3MMK019","CREDIT3","","###4050402010004**","454"
"HPA3MMK019","CREDIT4","","###4050402010005**","455"
"HPA3MMK019","PROV_CR_RVS0","","###4050803010001**","456"
"HPA3MMK019","PROV_CR_RVS1","","###4050803010002**","457"
"HPA3MMK019","PROV_CR_RVS2","","###4050803010003**","458"
"HPA3MMK019","PROV_CR_RVS3","","###4050801010004**","459"
"HPA3MMK019","PROV_CR_RVS4","","###4050801010005**","460"
"HPA3MMK019","PROV_CR0","","###4050803010001**","461"
"HPA3MMK019","PROV_CR1","","###4050803010002**","462"
"HPA3MMK019","PROV_CR2","","###4050803010003**","463"
"HPA3MMK019","PROV_CR3","","###4050801010004**","464"
"HPA3MMK019","PROV_CR4","","###4050801010005**","465"
"HPA3MMK019","PROV_DR_RVS0","","###2050101000001**","466"
"HPA3MMK019","PROV_DR_RVS1","","###2050201000001**","467"
"HPA3MMK019","PROV_DR_RVS2","","###2050201000002**","468"
"HPA3MMK019","PROV_DR_RVS3","","###2050201000003**","469"
"HPA3MMK019","PROV_DR_RVS4","","###2050201000004**","470"
"HPA3MMK019","PROV_DR0","","###2050101000001**","471"
"HPA3MMK019","PROV_DR1","","###2050201000001**","472"
"HPA3MMK019","PROV_DR2","","###2050201000002**","473"
"HPA3MMK019","PROV_DR3","","###2050201000003**","474"
"HPA3MMK019","PROV_DR4","","###2050201000004**","475"
"SHLNMMK016","CREDIT0","","###4050402010001**","476"
"SHLNMMK016","CREDIT1","","###4050402010002**","477"
"SHLNMMK016","CREDIT2","","###4050402010003**","478"
"SHLNMMK016","CREDIT3","","###4050402010004**","479"
"SHLNMMK016","CREDIT4","","###4050402010005**","480"
"SHLNMMK016","PROV_CR_RVS0","","###4050803010001**","481"
"SHLNMMK016","PROV_CR_RVS1","","###4050803010002**","482"
"SHLNMMK016","PROV_CR_RVS2","","###4050803010003**","483"
"SHLNMMK016","PROV_CR_RVS3","","###4050801010004**","484"
"SHLNMMK016","PROV_CR_RVS4","","###4050801010005**","485"
"SHLNMMK016","PROV_CR0","","###4050803010001**","486"
"SHLNMMK016","PROV_CR1","","###4050803010002**","487"
"SHLNMMK016","PROV_CR2","","###4050803010003**","488"
"SHLNMMK016","PROV_CR3","","###4050801010004**","489"
"SHLNMMK016","PROV_CR4","","###4050801010005**","490"
"SHLNMMK016","PROV_DR_RVS0","","###2050101000001**","491"
"SHLNMMK016","PROV_DR_RVS1","","###2050201000001**","492"
"SHLNMMK016","PROV_DR_RVS2","","###2050201000002**","493"
"SHLNMMK016","PROV_DR_RVS3","","###2050201000003**","494"
"SHLNMMK016","PROV_DR_RVS4","","###2050201000004**","495"
"SHLNMMK016","PROV_DR0","","###2050101000001**","496"
"SHLNMMK016","PROV_DR1","","###2050201000001**","497"
"SHLNMMK016","PROV_DR2","","###2050201000002**","498"
"SHLNMMK016","PROV_DR3","","###2050201000003**","499"
"SHLNMMK016","PROV_DR4","","###2050201000004**","500"
"UPFRONTINT","CREDIT0","","###4050402010001**","601"
"UPFRONTINT","CREDIT1","","###4050402010002**","602"
"UPFRONTINT","CREDIT2","","###4050402010003**","603"
"UPFRONTINT","CREDIT3","","###4050402010004**","604"
"UPFRONTINT","CREDIT4","","###4050402010005**","605"
"UPFRONTINT","PROV_CR_RVS0","","###4050803010001**","606"
"UPFRONTINT","PROV_CR_RVS1","","###4050803010002**","607"
"UPFRONTINT","PROV_CR_RVS2","","###4050803010003**","608"
"UPFRONTINT","PROV_CR_RVS3","","###4050801010004**","609"
"UPFRONTINT","PROV_CR_RVS4","","###4050801010005**","610"
"UPFRONTINT","PROV_CR0","","###4050803010001**","611"
"UPFRONTINT","PROV_CR1","","###4050803010002**","612"
"UPFRONTINT","PROV_CR2","","###4050803010003**","613"
"UPFRONTINT","PROV_CR3","","###4050801010004**","614"
"UPFRONTINT","PROV_CR4","","###4050801010005**","615"
"UPFRONTINT","PROV_DR_RVS0","","###2050101000001**","616"
"UPFRONTINT","PROV_DR_RVS1","","###2050201000001**","617"
"UPFRONTINT","PROV_DR_RVS2","","###2050201000002**","618"
"UPFRONTINT","PROV_DR_RVS3","","###2050201000003**","619"
"UPFRONTINT","PROV_DR_RVS4","","###2050201000004**","620"
"UPFRONTINT","PROV_DR0","","###2050101000001**","621"
"UPFRONTINT","PROV_DR1","","###2050201000001**","622"
"UPFRONTINT","PROV_DR2","","###2050201000002**","623"
"UPFRONTINT","PROV_DR3","","###2050201000003**","624"
"UPFRONTINT","PROV_DR4","","###2050201000004**","625"
"CTLNPLMANL","PROV_CR_RVS0","","###4050803010001**","676"
"CTLNPLMANL","PROV_CR_RVS1","","###4050803010002**","677"
"CTLNPLMANL","PROV_CR_RVS2","","###4050803010003**","678"
"CTLNPLMANL","PROV_CR_RVS3","","###4050801010004**","679"
"CTLNPLMANL","PROV_CR_RVS4","","###4050801010005**","680"
"CTLNPLMANL","PROV_DR0","","###2050101000001**","681"
"CTLNPLMANL","PROV_DR1","","###2050201000001**","682"
"CTLNPLMANL","PROV_DR2","","###2050201000002**","683"
"CTLNPLMANL","PROV_DR3","","###2050201000003**","684"
"CTLNPLMANL","PROV_DR4","","###2050201000004**","685"
"CTLNPLMANL","PROV_CR0","","###4050803010001**","686"
"CTLNPLMANL","PROV_CR1","","###4050803010002**","687"
"CTLNPLMANL","PROV_CR2","","###4050803010003**","688"
"CTLNPLMANL","PROV_CR3","","###4050801010004**","689"
"CTLNPLMANL","PROV_CR4","","###4050801010005**","690"
"CTLNPLMANL","PROV_DR_RVS0","","###2050101000001**","691"
"CTLNPLMANL","PROV_DR_RVS1","","###2050201000001**","692"
"CTLNPLMANL","PROV_DR_RVS2","","###2050201000002**","693"
"CTLNPLMANL","PROV_DR_RVS3","","###2050201000003**","694"
"CTLNPLMANL","PROV_DR_RVS4","","###2050201000004**","695"
"CTLNPLMANL","CREDIT0","","###4050402010001**","696"
"CTLNPLMANL","CREDIT1","","###4050402010002**","697"
"CTLNPLMANL","CREDIT2","","###4050402010003**","698"
"CTLNPLMANL","CREDIT3","","###4050402010004**","699"
"CTLNPLMANL","CREDIT4","","###4050402010005**","700"